Squadra,Ruolo,Calciatore,Squadra,V.Acq.
Chentus,P,Corvi,PAR,3
Chentus,P,De Gea,FIO,85
Chentus,P,Suzuki,PAR,13
Chentus,D,Bellanova,ATA,52
Chentus,D,Coco,TOR,1
Chentus,D,Delprato,PAR,11
Chentus,D,Di Lorenzo,NAP,60
Chentus,D,Gutierrez,NAP,3
Chentus,D,Joao Mario,BOL,13
Chentus,D,Mancini,ROM,31
Chentus,D,Tomori,MIL,26
Chentus,C,Adzic,JUV,21
Chentus,C,Casadei,TOR,11
Chentus,C,Frendrup,GEN,7
Chentus,C,Locatelli,JUV,9
Chentus,C,McTominay,NAP,122
Chentus,C,Pasalic,ATA,31
Chentus,C,Pierotti,LEC,1
Chentus,C,Saelemaekers,MIL,79
Chentus,A,Bonazzoli,CRE,4
Chentus,A,Dovbyk,ROM,24
Chentus,A,Morata,COM,9
Chentus,A,Ratkov,LAZ,29
Chentus,A,Solomon,FIO,1
Chentus,A,Thuram,INT,306
Compagnia Ascolana Sigari,P,Martinez Jo.,INT,5
Compagnia Ascolana Sigari,P,Paleari,TOR,1
Compagnia Ascolana Sigari,P,Sommer,INT,100
Compagnia Ascolana Sigari,D,Angori,PIS,15
Compagnia Ascolana Sigari,D,Baschirotto,CRE,3
Compagnia Ascolana Sigari,D,Bastoni,INT,56
Compagnia Ascolana Sigari,D,Celik,ROM,5
Compagnia Ascolana Sigari,D,Gatti,JUV,15
Compagnia Ascolana Sigari,D,Hermoso,ROM,6
Compagnia Ascolana Sigari,D,Kristensen T.,UDI,27
Compagnia Ascolana Sigari,D,Maripan,TOR,6
Compagnia Ascolana Sigari,C,Atta,UDI,30
Compagnia Ascolana Sigari,C,Cataldi,LAZ,1
Compagnia Ascolana Sigari,C,De Roon,ATA,28
Compagnia Ascolana Sigari,C,Ederson D.S.,ATA,46
Compagnia Ascolana Sigari,C,Frattesi,INT,13
Compagnia Ascolana Sigari,C,Mandragora,FIO,44
Compagnia Ascolana Sigari,C,Perrone,COM,35
Compagnia Ascolana Sigari,C,Zambo Anguissa,NAP,50
Compagnia Ascolana Sigari,A,Adams C.,TOR,36
Compagnia Ascolana Sigari,A,Bonny,INT,35
Compagnia Ascolana Sigari,A,Douvikas,COM,24
Compagnia Ascolana Sigari,A,Esposito F.P.,INT,45
Compagnia Ascolana Sigari,A,Giovane,NAP,33
Compagnia Ascolana Sigari,A,Soulè,ROM,187
MALLOREDDUS FC,P,Audero,CRE,1
MALLOREDDUS FC,P,Carnesecchi,ATA,92
MALLOREDDUS FC,P,Sportiello,ATA,1
MALLOREDDUS FC,D,Dumfries,INT,79
MALLOREDDUS FC,D,Gabbia,MIL,10
MALLOREDDUS FC,D,Muharemovic,SAS,4
MALLOREDDUS FC,D,Obert,CAG,1
MALLOREDDUS FC,D,Rrahmani,NAP,25
MALLOREDDUS FC,D,Tiago Gabriel,LEC,3
MALLOREDDUS FC,D,Valle,COM,5
MALLOREDDUS FC,D,Wesley,ROM,50
MALLOREDDUS FC,C,Basic,LAZ,1
MALLOREDDUS FC,C,Ellertsson,GEN,3
MALLOREDDUS FC,C,Fagioli,FIO,1
MALLOREDDUS FC,C,Fofana Y.,MIL,31
MALLOREDDUS FC,C,Miretti,JUV,1
MALLOREDDUS FC,C,Nicolussi Caviglia,PAR,1
MALLOREDDUS FC,C,Orsolini,BOL,157
MALLOREDDUS FC,C,Thuram K.,JUV,69
MALLOREDDUS FC,A,Colombo,GEN,31
MALLOREDDUS FC,A,Djuric,CRE,1
MALLOREDDUS FC,A,Kilicsoy,CAG,93
MALLOREDDUS FC,A,Simeone,TOR,42
MALLOREDDUS FC,A,Vardy,CRE,24
MALLOREDDUS FC,A,Zapata D.,TOR,18
Mapi Group,P,Gollini,ROM,1
Mapi Group,P,Svilar,ROM,103
Mapi Group,P,Vasquez D.,ROM,1
Mapi Group,D,Estupinan,MIL,42
Mapi Group,D,Idzes,SAS,1
Mapi Group,D,Lucumì,BOL,1
Mapi Group,D,N'Dicka,ROM,33
Mapi Group,D,Ostigard,GEN,3
Mapi Group,D,Palestra,CAG,31
Mapi Group,D,Scalvini,ATA,19
Mapi Group,D,Vojvoda,COM,13
Mapi Group,C,Ekkelenkamp,UDI,16
Mapi Group,C,Konè I.,SAS,1
Mapi Group,C,Konè M.,ROM,62
Mapi Group,C,Maldini,LAZ,14
Mapi Group,C,Ondrejka,PAR,6
Mapi Group,C,Politano,NAP,72
Mapi Group,C,Zaniolo,UDI,35
Mapi Group,C,Zhegrova,JUV,60
Mapi Group,A,Diao,COM,7
Mapi Group,A,Leao,MIL,260
Mapi Group,A,Openda,JUV,54
Mapi Group,A,Orban G.,VER,55
Mapi Group,A,Piccoli,FIO,58
Mapi Group,A,Vitinha O.,GEN,29
Nkunku Settete,P,Caprile,CAG,23
Nkunku Settete,P,Leali,GEN,14
Nkunku Settete,P,Okoye,UDI,2
Nkunku Settete,D,Belghali,VER,1
Nkunku Settete,D,Holm,JUV,1
Nkunku Settete,D,Idrissi R.,CAG,1
Nkunku Settete,D,Kalulu,JUV,27
Nkunku Settete,D,Martin,GEN,25
Nkunku Settete,D,Miranda J.,BOL,27
Nkunku Settete,D,Solet,UDI,32
Nkunku Settete,D,Valeri,PAR,23
Nkunku Settete,C,Akinsanmiro,PIS,1
Nkunku Settete,C,Caqueret,COM,3
Nkunku Settete,C,Isaksen,LAZ,50
Nkunku Settete,C,Odgaard,BOL,23
Nkunku Settete,C,Pulisic,MIL,167
Nkunku Settete,C,Ricci S.,MIL,3
Nkunku Settete,C,Sucic P.,INT,55
Nkunku Settete,C,Vandeputte,CRE,11
Nkunku Settete,A,Berardi,SAS,107
Nkunku Settete,A,Ferguson E.,ROM,176
Nkunku Settete,A,Lukaku,NAP,31
Nkunku Settete,A,Nkunku,MIL,65
Nkunku Settete,A,Raspadori,ATA,63
Nkunku Settete,A,Scamacca,ATA,110
Raoul e il socio,P,Falcone,LEC,1
Raoul e il socio,P,Motta,LAZ,1
Raoul e il socio,P,Provedel,LAZ,26
Raoul e il socio,D,Angelino,ROM,55
Raoul e il socio,D,Bartesaghi,MIL,25
Raoul e il socio,D,Bernasconi,ATA,5
Raoul e il socio,D,Cambiaso,JUV,61
Raoul e il socio,D,Dimarco,INT,73
Raoul e il socio,D,Djimsiti,ATA,1
Raoul e il socio,D,Hien,ATA,18
Raoul e il socio,D,Ramon,COM,10
Raoul e il socio,C,Barella,INT,48
Raoul e il socio,C,Brescianini,FIO,1
Raoul e il socio,C,De Bruyne,NAP,114
Raoul e il socio,C,Gaetano,CAG,1
Raoul e il socio,C,Jashari,MIL,1
Raoul e il socio,C,Loftus-Cheek,MIL,26
Raoul e il socio,C,Modric,MIL,51
Raoul e il socio,C,Neres,NAP,4
Raoul e il socio,A,David,JUV,183
Raoul e il socio,A,De Ketelaere,ATA,94
Raoul e il socio,A,Dybala,ROM,91
Raoul e il socio,A,Fullkrug,MIL,12
Raoul e il socio,A,Malen,ROM,109
Raoul e il socio,A,Pellegrino M.,PAR,74
Sporting Garra,P,Di Gregorio,JUV,101
Sporting Garra,P,Perin,JUV,1
Sporting Garra,P,Pinsoglio,JUV,1
Sporting Garra,D,Acerbi,INT,12
Sporting Garra,D,Ahanor,ATA,5
Sporting Garra,D,Akanji,INT,35
Sporting Garra,D,Bisseck,INT,1
Sporting Garra,D,Comuzzo,FIO,10
Sporting Garra,D,Dodò,FIO,46
Sporting Garra,D,Lazaro,TOR,7
Sporting Garra,D,Vasquez,GEN,16
Sporting Garra,C,Calhanoglu,INT,91
Sporting Garra,C,Fabbian,FIO,2
Sporting Garra,C,Freuler,BOL,7
Sporting Garra,C,Rabiot,MIL,98
Sporting Garra,C,Rowe,BOL,17
Sporting Garra,C,Taylor K.,LAZ,18
Sporting Garra,C,Tramoni M.,PIS,21
Sporting Garra,C,Vlasic,TOR,41
Sporting Garra,A,Cancellieri,LAZ,1
Sporting Garra,A,Cheddira,LEC,12
Sporting Garra,A,Laurientè,SAS,43
Sporting Garra,A,Martinez L.,INT,309
Sporting Garra,A,Rodriguez Je.,COM,6
Sporting Garra,A,Vaz,ROM,1
Tridente demoniaco,P,Maignan,MIL,100
Tridente demoniaco,P,Muric,SAS,5
Tridente demoniaco,P,Semper,PIS,1
Tridente demoniaco,D,Carlos Augusto,INT,40
Tridente demoniaco,D,Diego Carlos,COM,1
Tridente demoniaco,D,Gila,LAZ,20
Tridente demoniaco,D,Juan Jesus,NAP,5
Tridente demoniaco,D,Kempf,COM,8
Tridente demoniaco,D,Pavlovic,MIL,33
Tridente demoniaco,D,Romagnoli,LAZ,11
Tridente demoniaco,D,Zortea,BOL,17
Tridente demoniaco,C,Bernabè,PAR,21
Tridente demoniaco,C,Cristante,ROM,18
Tridente demoniaco,C,Fazzini,FIO,1
Tridente demoniaco,C,Mkhitaryan,INT,5
Tridente demoniaco,C,Pellegrini Lo.,ROM,16
Tridente demoniaco,C,Tourè I.,PIS,1
Tridente demoniaco,C,Vergara,NAP,25
Tridente demoniaco,C,Zielinski,INT,53
Tridente demoniaco,A,Cambiaghi,BOL,1
Tridente demoniaco,A,Dia,LAZ,1
Tridente demoniaco,A,Hojlund,NAP,302
Tridente demoniaco,A,Kean,FIO,269
Tridente demoniaco,A,Pedro,LAZ,1
Tridente demoniaco,A,Stulic,LEC,1
TurettaEPacciani FC,P,Butez,COM,21
TurettaEPacciani FC,P,Ravaglia F.,BOL,1
TurettaEPacciani FC,P,Skorupski,BOL,30
TurettaEPacciani FC,D,Bremer,JUV,70
TurettaEPacciani FC,D,Heggem,BOL,6
TurettaEPacciani FC,D,Kossounou,ATA,1
TurettaEPacciani FC,D,Mina,CAG,21
TurettaEPacciani FC,D,Olivera,NAP,7
TurettaEPacciani FC,D,Spinazzola,NAP,30
TurettaEPacciani FC,D,Terracciano F.,CRE,1
TurettaEPacciani FC,D,Zappacosta,ATA,14
TurettaEPacciani FC,C,Baturina,COM,54
TurettaEPacciani FC,C,Elmas,NAP,1
TurettaEPacciani FC,C,Fadera,SAS,1
TurettaEPacciani FC,C,Lobotka,NAP,5
TurettaEPacciani FC,C,McKennie,JUV,1
TurettaEPacciani FC,C,Paz N.,COM,181
TurettaEPacciani FC,C,Serdar,VER,8
TurettaEPacciani FC,C,Zaccagni,LAZ,141
TurettaEPacciani FC,A,Castro S.,BOL,144
TurettaEPacciani FC,A,Dallinga,BOL,2
TurettaEPacciani FC,A,Meister,PIS,1
TurettaEPacciani FC,A,Moreo,PIS,1
TurettaEPacciani FC,A,Vlahovic,JUV,189
TurettaEPacciani FC,A,Yildiz,JUV,251
Whiteam FC,P,Contini,NAP,1
Whiteam FC,P,Meret,NAP,90
Whiteam FC,P,Milinkovic-Savic V.,NAP,17
Whiteam FC,D,Buongiorno,NAP,43
Whiteam FC,D,De Winter,MIL,1
Whiteam FC,D,Doig,SAS,3
Whiteam FC,D,Ghilardi,ROM,1
Whiteam FC,D,Gosens,FIO,65
Whiteam FC,D,Kelly L.,JUV,16
Whiteam FC,D,Luperto,CRE,12
Whiteam FC,D,Norton-Cuffy,GEN,20
Whiteam FC,C,Conceicao,JUV,70
Whiteam FC,C,Da Cunha,COM,1
Whiteam FC,C,Gudmundsson A.,FIO,101
Whiteam FC,C,Malinovskyi,GEN,12
Whiteam FC,C,Samardzic,ATA,14
Whiteam FC,C,Strefezza,PAR,10
Whiteam FC,C,Thorstvedt,SAS,1
Whiteam FC,C,Zalewski,ATA,28
Whiteam FC,A,Boga,JUV,3
Whiteam FC,A,Davis K.,UDI,33
Whiteam FC,A,Durosinmi,PIS,41
Whiteam FC,A,Esposito Se.,CAG,54
Whiteam FC,A,Krstovic,ATA,231
Whiteam FC,A,Pinamonti,SAS,92
